epoch,time,train/box_loss,train/cls_loss,train/dfl_loss,metrics/precision(B),metrics/recall(B),metrics/mAP50(B),metrics/mAP50-95(B),val/box_loss,val/cls_loss,val/dfl_loss,lr/pg0,lr/pg1,lr/pg2
1,5.71671,1.81666,4.06712,2.16166,0.0392,0.08796,0.00042,9e-05,3.09859,1016.2,5.62123,0.00329457,0.00329457,0.0703488
2,10.0172,1.7752,3.61285,2.07764,0.39737,0.12092,0.01714,0.00615,2.62335,49.9138,3.73197,0.00656229,0.00656229,0.0402832
3,14.0307,1.70499,3.39944,2.01259,0.00369,0.37022,0.01464,0.00514,3.02705,5.07185,3.70654,0.00976401,0.00976401,0.0101516
4,17.9838,1.69456,3.32714,1.99428,0.16886,0.05424,0.02106,0.00601,3.44044,6.00662,4.58697,0.009703,0.009703,0.009703
5,22.0022,1.60948,3.15944,1.90871,0.39981,0.10624,0.10341,0.02855,2.39761,5.25522,3.51924,0.009604,0.009604,0.009604
6,25.9995,1.61262,3.11953,1.89712,0.40779,0.20777,0.14841,0.05946,2.07754,2.87582,2.46902,0.009505,0.009505,0.009505
7,29.974,1.57177,3.04563,1.86403,0.33929,0.28704,0.17215,0.07226,2.13577,3.4333,2.60986,0.009406,0.009406,0.009406
8,33.9976,1.51269,2.93237,1.82284,0.26541,0.34581,0.23226,0.11348,1.75211,3.33955,2.09138,0.009307,0.009307,0.009307
9,37.9767,1.47905,2.85515,1.78979,0.21988,0.39503,0.23853,0.12169,1.73953,2.68965,2.31751,0.009208,0.009208,0.009208
10,41.9385,1.46461,2.82532,1.7616,0.27644,0.39794,0.32185,0.17365,1.60907,2.30423,1.9792,0.009109,0.009109,0.009109
11,45.9503,1.4763,2.80528,1.78433,0.39483,0.39772,0.26252,0.10404,2.10342,3.46963,2.64846,0.00901,0.00901,0.00901
12,49.9043,1.44319,2.74757,1.75144,0.37335,0.47593,0.40223,0.24065,1.45887,2.17279,1.90215,0.008911,0.008911,0.008911
13,53.8945,1.43648,2.68408,1.73502,0.32578,0.41745,0.35695,0.16154,1.96083,2.96161,2.45131,0.008812,0.008812,0.008812
14,57.8423,1.43918,2.65603,1.74484,0.37381,0.57819,0.43939,0.23239,1.74159,2.11005,2.09465,0.008713,0.008713,0.008713
15,61.8287,1.3685,2.61544,1.70487,0.39982,0.38705,0.39947,0.2441,1.41596,2.55787,1.85032,0.008614,0.008614,0.008614
16,65.8141,1.37251,2.56088,1.68195,0.51942,0.39086,0.42575,0.26413,1.36847,2.00466,1.74872,0.008515,0.008515,0.008515
17,69.7743,1.38715,2.55719,1.70242,0.21151,0.38263,0.29851,0.18217,1.67493,2.42019,2.04375,0.008416,0.008416,0.008416
18,73.7427,1.33388,2.52021,1.64649,0.41502,0.51594,0.47932,0.30708,1.44451,1.93943,1.82547,0.008317,0.008317,0.008317
19,77.7022,1.31366,2.44591,1.62881,0.50347,0.58217,0.546,0.37401,1.24412,1.63978,1.6763,0.008218,0.008218,0.008218
20,81.659,1.29512,2.43157,1.62074,0.52573,0.60272,0.65831,0.4441,1.16471,1.39159,1.58154,0.008119,0.008119,0.008119
21,85.5725,1.29633,2.375,1.61761,0.4027,0.57795,0.53065,0.32948,1.63834,2.05687,1.98867,0.00802,0.00802,0.00802
22,89.5622,1.32636,2.37035,1.63821,0.42489,0.53817,0.52201,0.29693,1.44763,2.09573,1.85323,0.007921,0.007921,0.007921
23,93.5181,1.28966,2.37684,1.62667,0.26426,0.49488,0.40965,0.24506,1.68873,2.82078,2.20913,0.007822,0.007822,0.007822
24,97.4767,1.29642,2.32807,1.61401,0.40004,0.67232,0.59423,0.36849,1.30158,1.54622,1.71148,0.007723,0.007723,0.007723
25,101.475,1.24744,2.26625,1.58816,0.46507,0.6512,0.61323,0.43261,1.03085,1.44964,1.50678,0.007624,0.007624,0.007624
26,105.449,1.26043,2.26804,1.58997,0.63194,0.52276,0.59411,0.42597,1.05749,1.5723,1.50116,0.007525,0.007525,0.007525
27,109.437,1.26065,2.23125,1.58554,0.60721,0.5632,0.63606,0.35782,1.58252,1.46578,1.92703,0.007426,0.007426,0.007426
28,113.383,1.25008,2.18012,1.56941,0.49398,0.63272,0.62537,0.43309,1.17852,1.45659,1.58032,0.007327,0.007327,0.007327
29,117.303,1.28003,2.23278,1.60258,0.47002,0.68341,0.66977,0.45872,1.14336,1.47874,1.54825,0.007228,0.007228,0.007228
30,121.314,1.22063,2.1325,1.53734,0.53579,0.69581,0.64086,0.38483,1.53071,1.37449,1.88461,0.007129,0.007129,0.007129
31,125.267,1.20359,2.1202,1.54301,0.6228,0.68291,0.75882,0.50478,1.17723,1.27917,1.56849,0.00703,0.00703,0.00703
32,129.258,1.18316,2.0641,1.51044,0.70516,0.63861,0.75734,0.54317,1.07094,1.21875,1.46535,0.006931,0.006931,0.006931
33,133.268,1.25048,2.11367,1.56196,0.61873,0.68819,0.72923,0.51614,1.05112,1.34476,1.45851,0.006832,0.006832,0.006832
34,137.222,1.22224,2.12485,1.54935,0.60172,0.73976,0.7557,0.48544,1.22117,1.22607,1.63162,0.006733,0.006733,0.006733
35,141.15,1.17862,2.04869,1.51764,0.7082,0.74128,0.8058,0.49298,1.33281,1.18472,1.71083,0.006634,0.006634,0.006634
36,145.183,1.19755,2.03222,1.52632,0.52761,0.76962,0.78749,0.57873,0.96334,1.13244,1.4119,0.006535,0.006535,0.006535
37,149.158,1.2062,2.0146,1.54016,0.54575,0.74485,0.7296,0.52379,0.95948,1.22812,1.42629,0.006436,0.006436,0.006436
38,153.141,1.2024,2.01611,1.52518,0.80732,0.72759,0.85747,0.58252,1.11757,1.14557,1.51908,0.006337,0.006337,0.006337
39,157.091,1.18079,2.01199,1.51526,0.67327,0.79171,0.83607,0.58632,1.01291,1.08503,1.44413,0.006238,0.006238,0.006238
40,161.08,1.13965,1.97934,1.48709,0.66863,0.75701,0.82213,0.58957,0.96223,1.07473,1.43668,0.006139,0.006139,0.006139
41,165.058,1.13871,1.90853,1.49536,0.72249,0.77191,0.85776,0.57625,1.1104,1.08475,1.51098,0.00604,0.00604,0.00604
42,169.022,1.15597,1.93837,1.50377,0.72261,0.78502,0.86348,0.60927,1.00439,1.04718,1.4349,0.005941,0.005941,0.005941
43,172.975,1.14439,1.92058,1.49044,0.73639,0.75402,0.84775,0.64255,0.87931,0.96689,1.32873,0.005842,0.005842,0.005842
44,177.062,1.14127,1.89113,1.47896,0.73218,0.78616,0.86182,0.59163,1.04785,0.98934,1.51918,0.005743,0.005743,0.005743
45,181.061,1.10781,1.82693,1.46227,0.79427,0.82798,0.89297,0.66038,0.92242,0.96864,1.37187,0.005644,0.005644,0.005644
46,185.04,1.10744,1.82614,1.46195,0.84633,0.76312,0.87896,0.65185,0.92705,0.91695,1.38629,0.005545,0.005545,0.005545
47,189.019,1.11451,1.81607,1.46607,0.66545,0.84486,0.84849,0.60881,1.01267,0.99403,1.43977,0.005446,0.005446,0.005446
48,192.957,1.12053,1.83907,1.46332,0.78848,0.72531,0.84657,0.65329,0.87391,1.16851,1.37027,0.005347,0.005347,0.005347
49,196.927,1.09409,1.81017,1.4517,0.77788,0.85449,0.92108,0.70329,0.86551,0.86855,1.34088,0.005248,0.005248,0.005248
50,200.915,1.12478,1.82898,1.48224,0.69679,0.74645,0.84818,0.61161,1.00251,1.11048,1.44825,0.005149,0.005149,0.005149
51,204.93,1.09746,1.82104,1.45355,0.79097,0.81295,0.90279,0.69433,0.81984,0.86732,1.27705,0.00505,0.00505,0.00505
52,208.925,1.08467,1.7398,1.43457,0.78374,0.75947,0.84803,0.63449,0.89238,1.1841,1.37487,0.004951,0.004951,0.004951
53,212.879,1.08517,1.75595,1.44709,0.80988,0.83118,0.91167,0.68755,0.84633,0.81133,1.31136,0.004852,0.004852,0.004852
54,216.845,1.06237,1.70002,1.43433,0.80585,0.85759,0.92779,0.68087,0.87446,0.89476,1.33917,0.004753,0.004753,0.004753
55,220.895,1.08516,1.73386,1.44827,0.85048,0.8279,0.91786,0.7168,0.84946,0.81209,1.29656,0.004654,0.004654,0.004654
56,224.938,1.0821,1.72485,1.43809,0.82808,0.76079,0.88564,0.69983,0.84375,0.8865,1.27631,0.004555,0.004555,0.004555
57,228.859,1.06896,1.70143,1.42137,0.8587,0.85493,0.93172,0.72223,0.83781,0.72762,1.27811,0.004456,0.004456,0.004456
58,232.81,1.03465,1.63509,1.40991,0.84824,0.81394,0.92075,0.74114,0.7619,0.77735,1.22693,0.004357,0.004357,0.004357
59,236.726,1.02551,1.64479,1.41011,0.74897,0.87136,0.90276,0.68952,0.83356,0.86688,1.28773,0.004258,0.004258,0.004258
60,240.632,1.01649,1.62702,1.38886,0.81698,0.88833,0.94499,0.72916,0.82468,0.77652,1.26309,0.004159,0.004159,0.004159
61,244.623,1.0557,1.66962,1.41568,0.75084,0.87438,0.91049,0.72519,0.76275,0.8639,1.24917,0.00406,0.00406,0.00406
62,248.541,1.02236,1.58851,1.39982,0.80586,0.77829,0.89307,0.71642,0.7347,0.85608,1.22285,0.003961,0.003961,0.003961
63,252.521,1.03111,1.62116,1.39499,0.81732,0.86299,0.9141,0.72271,0.81425,0.8499,1.30589,0.003862,0.003862,0.003862
64,256.47,0.99559,1.56072,1.3757,0.85738,0.88062,0.94436,0.75834,0.754,0.69132,1.22567,0.003763,0.003763,0.003763
65,260.442,1.01576,1.58069,1.3854,0.86547,0.85143,0.92645,0.73696,0.82012,0.98412,1.26565,0.003664,0.003664,0.003664
66,264.386,1.02032,1.59957,1.38849,0.8652,0.87166,0.94131,0.76306,0.74197,0.69191,1.21208,0.003565,0.003565,0.003565
67,268.312,0.98861,1.52134,1.36363,0.87714,0.8595,0.94407,0.74175,0.82825,0.75254,1.25454,0.003466,0.003466,0.003466
68,272.216,0.99807,1.55723,1.37885,0.84561,0.87707,0.94189,0.75139,0.8519,0.89819,1.28551,0.003367,0.003367,0.003367
69,276.139,0.98946,1.51745,1.35865,0.88971,0.90905,0.95256,0.7274,0.81964,0.67851,1.27788,0.003268,0.003268,0.003268
70,280.066,0.98212,1.52013,1.36774,0.89123,0.89519,0.95736,0.78366,0.70917,0.67849,1.20163,0.003169,0.003169,0.003169
71,283.998,0.99671,1.52579,1.38688,0.90944,0.87947,0.97179,0.79202,0.69259,0.64765,1.16637,0.00307,0.00307,0.00307
72,287.922,0.97465,1.50863,1.36953,0.88014,0.80832,0.9088,0.72945,0.93446,1.592,1.35023,0.002971,0.002971,0.002971
73,291.865,0.96808,1.46365,1.36364,0.8698,0.9283,0.95821,0.76634,0.76538,0.65026,1.21359,0.002872,0.002872,0.002872
74,295.78,0.94671,1.47868,1.34318,0.90057,0.94763,0.96951,0.8043,0.6649,0.58667,1.14444,0.002773,0.002773,0.002773
75,299.727,0.97722,1.46706,1.36341,0.91485,0.93541,0.97688,0.78858,0.71774,0.58747,1.17293,0.002674,0.002674,0.002674
76,303.679,0.96075,1.4373,1.34891,0.8968,0.93225,0.97146,0.80611,0.6841,0.65373,1.15631,0.002575,0.002575,0.002575
77,307.608,0.94748,1.43438,1.34194,0.90981,0.91882,0.97646,0.81222,0.69742,0.65699,1.1685,0.002476,0.002476,0.002476
78,311.55,0.9607,1.445,1.35196,0.93525,0.90489,0.96753,0.78766,0.70638,0.64817,1.16327,0.002377,0.002377,0.002377
79,315.507,0.94247,1.40945,1.32617,0.91197,0.92949,0.97398,0.8002,0.69051,0.64806,1.15856,0.002278,0.002278,0.002278
80,319.48,0.9466,1.41959,1.34525,0.92473,0.91731,0.97197,0.78579,0.7062,0.59412,1.16464,0.002179,0.002179,0.002179
81,323.463,0.94437,1.40232,1.35049,0.92457,0.90121,0.96908,0.8048,0.65492,0.57876,1.13352,0.00208,0.00208,0.00208
82,327.441,0.9317,1.40638,1.32207,0.90096,0.92321,0.9749,0.79872,0.71568,0.5894,1.1713,0.001981,0.001981,0.001981
83,331.408,0.93203,1.40637,1.33842,0.91815,0.9348,0.97168,0.80424,0.67534,0.62729,1.15284,0.001882,0.001882,0.001882
84,335.326,0.90644,1.34973,1.31288,0.86571,0.95766,0.97886,0.81487,0.66993,0.54562,1.1469,0.001783,0.001783,0.001783
85,339.271,0.92533,1.34735,1.3224,0.89405,0.94307,0.97603,0.82053,0.6403,0.53863,1.12689,0.001684,0.001684,0.001684
86,343.221,0.89364,1.30472,1.30459,0.92933,0.94568,0.9843,0.8161,0.65992,0.54104,1.13453,0.001585,0.001585,0.001585
87,347.136,0.90822,1.35538,1.32563,0.93064,0.95606,0.98175,0.81893,0.66512,0.52976,1.1352,0.001486,0.001486,0.001486
88,351.102,0.87905,1.28019,1.30235,0.94578,0.94541,0.98014,0.82617,0.64834,0.56129,1.12425,0.001387,0.001387,0.001387
89,355.083,0.8888,1.31409,1.30846,0.92148,0.94642,0.9822,0.81329,0.67821,0.52792,1.1418,0.001288,0.001288,0.001288
90,359.029,0.89521,1.31422,1.32176,0.94077,0.9299,0.98032,0.82348,0.66485,0.62217,1.12295,0.001189,0.001189,0.001189
91,373.267,0.72755,0.70895,1.31886,0.93852,0.92177,0.97023,0.806,0.66264,0.61148,1.13709,0.00109,0.00109,0.00109
92,377.149,0.71157,0.6452,1.29737,0.93638,0.94092,0.98371,0.82081,0.67496,0.61032,1.13508,0.000991,0.000991,0.000991
93,380.992,0.69747,0.6246,1.28334,0.94324,0.94415,0.99032,0.80724,0.70351,0.53646,1.15708,0.000892,0.000892,0.000892
94,384.84,0.67974,0.61366,1.26775,0.93226,0.93433,0.98563,0.82543,0.63743,0.53426,1.10426,0.000793,0.000793,0.000793
95,388.668,0.67287,0.59613,1.25276,0.95689,0.92807,0.98523,0.83482,0.60789,0.52606,1.08373,0.000694,0.000694,0.000694
96,392.524,0.66858,0.56967,1.25228,0.9318,0.95304,0.98956,0.82985,0.64463,0.50414,1.10873,0.000595,0.000595,0.000595
97,396.377,0.66357,0.57954,1.24475,0.9434,0.96003,0.99026,0.83693,0.63295,0.55663,1.09782,0.000496,0.000496,0.000496
98,400.224,0.64364,0.55791,1.22449,0.96208,0.95822,0.99093,0.83842,0.60972,0.4699,1.0881,0.000397,0.000397,0.000397
99,404.098,0.65347,0.56423,1.23181,0.95735,0.96925,0.99165,0.84776,0.61114,0.4908,1.08232,0.000298,0.000298,0.000298
100,407.962,0.6376,0.55737,1.22643,0.95552,0.97359,0.99223,0.84868,0.61052,0.48001,1.08491,0.000199,0.000199,0.000199
